row_id,label,split
CR0001,rice,test
CR0002,rice,validation
CR0003,rice,train
CR0004,rice,train
CR0005,rice,test
CR0006,rice,validation
CR0007,rice,train
CR0008,rice,test
CR0009,rice,train
CR0010,rice,train
CR0011,rice,train
CR0012,rice,train
CR0013,rice,train
CR0014,rice,test
CR0015,rice,train
CR0016,rice,train
CR0017,rice,test
CR0018,rice,train
CR0019,rice,validation
CR0020,rice,train
CR0021,rice,train
CR0022,rice,train
CR0023,rice,validation
CR0024,rice,train
CR0025,rice,train
CR0026,rice,validation
CR0027,rice,train
CR0028,rice,test
CR0029,rice,test
CR0030,rice,test
CR0031,rice,validation
CR0032,rice,train
CR0033,rice,test
CR0034,rice,validation
CR0035,rice,train
CR0036,rice,train
CR0037,rice,train
CR0038,rice,validation
CR0039,rice,train
CR0040,rice,train
CR0041,rice,train
CR0042,rice,train
CR0043,rice,validation
CR0044,rice,train
CR0045,rice,validation
CR0046,rice,test
CR0047,rice,validation
CR0048,rice,test
CR0049,rice,train
CR0050,rice,test
CR0051,rice,train
CR0052,rice,validation
CR0053,rice,test
CR0054,rice,train
CR0055,rice,validation
CR0056,rice,train
CR0057,rice,train
CR0058,rice,train
CR0059,rice,train
CR0060,rice,train
CR0061,rice,train
CR0062,rice,test
CR0063,rice,train
CR0064,rice,train
CR0065,rice,test
CR0066,rice,train
CR0067,rice,train
CR0068,rice,test
CR0069,rice,train
CR0070,rice,train
CR0071,rice,train
CR0072,rice,test
CR0073,rice,train
CR0074,rice,validation
CR0075,rice,train
CR0076,rice,train
CR0077,rice,train
CR0078,rice,train
CR0079,rice,train
CR0080,rice,test
CR0081,rice,train
CR0082,rice,train
CR0083,rice,train
CR0084,rice,validation
CR0085,rice,validation
CR0086,rice,test
CR0087,rice,validation
CR0088,rice,train
CR0089,rice,train
CR0090,rice,validation
CR0091,rice,validation
CR0092,rice,train
CR0093,rice,validation
CR0094,rice,test
CR0095,rice,train
CR0096,rice,train
CR0097,rice,train
CR0098,rice,train
CR0099,rice,train
CR0100,rice,train
CR0101,maize,test
CR0102,maize,train
CR0103,maize,train
CR0104,maize,train
CR0105,maize,test
CR0106,maize,train
CR0107,maize,train
CR0108,maize,train
CR0109,maize,validation
CR0110,maize,train
CR0111,maize,test
CR0112,maize,train
CR0113,maize,train
CR0114,maize,train
CR0115,maize,test
CR0116,maize,train
CR0117,maize,train
CR0118,maize,train
CR0119,maize,train
CR0120,maize,train
CR0121,maize,test
CR0122,maize,train
CR0123,maize,test
CR0124,maize,train
CR0125,maize,test
CR0126,maize,test
CR0127,maize,train
CR0128,maize,train
CR0129,maize,test
CR0130,maize,train
CR0131,maize,test
CR0132,maize,train
CR0133,maize,train
CR0134,maize,train
CR0135,maize,test
CR0136,maize,validation
CR0137,maize,validation
CR0138,maize,train
CR0139,maize,train
CR0140,maize,test
CR0141,maize,test
CR0142,maize,train
CR0143,maize,train
CR0144,maize,train
CR0145,maize,train
CR0146,maize,validation
CR0147,maize,validation
CR0148,maize,train
CR0149,maize,train
CR0150,maize,train
CR0151,maize,test
CR0152,maize,validation
CR0153,maize,test
CR0154,maize,validation
CR0155,maize,validation
CR0156,maize,train
CR0157,maize,validation
CR0158,maize,train
CR0159,maize,train
CR0160,maize,train
CR0161,maize,train
CR0162,maize,train
CR0163,maize,validation
CR0164,maize,train
CR0165,maize,train
CR0166,maize,train
CR0167,maize,train
CR0168,maize,validation
CR0169,maize,train
CR0170,maize,train
CR0171,maize,train
CR0172,maize,validation
CR0173,maize,train
CR0174,maize,train
CR0175,maize,train
CR0176,maize,train
CR0177,maize,validation
CR0178,maize,validation
CR0179,maize,validation
CR0180,maize,validation
CR0181,maize,train
CR0182,maize,test
CR0183,maize,train
CR0184,maize,validation
CR0185,maize,train
CR0186,maize,test
CR0187,maize,train
CR0188,maize,validation
CR0189,maize,validation
CR0190,maize,train
CR0191,maize,train
CR0192,maize,test
CR0193,maize,test
CR0194,maize,train
CR0195,maize,train
CR0196,maize,train
CR0197,maize,train
CR0198,maize,train
CR0199,maize,test
CR0200,maize,validation
CR0201,chickpea,train
CR0202,chickpea,train
CR0203,chickpea,test
CR0204,chickpea,test
CR0205,chickpea,train
CR0206,chickpea,validation
CR0207,chickpea,train
CR0208,chickpea,validation
CR0209,chickpea,train
CR0210,chickpea,train
CR0211,chickpea,train
CR0212,chickpea,train
CR0213,chickpea,train
CR0214,chickpea,train
CR0215,chickpea,train
CR0216,chickpea,train
CR0217,chickpea,test
CR0218,chickpea,validation
CR0219,chickpea,test
CR0220,chickpea,train
CR0221,chickpea,validation
CR0222,chickpea,test
CR0223,chickpea,train
CR0224,chickpea,test
CR0225,chickpea,test
CR0226,chickpea,train
CR0227,chickpea,test
CR0228,chickpea,validation
CR0229,chickpea,train
CR0230,chickpea,validation
CR0231,chickpea,train
CR0232,chickpea,validation
CR0233,chickpea,test
CR0234,chickpea,train
CR0235,chickpea,test
CR0236,chickpea,train
CR0237,chickpea,validation
CR0238,chickpea,test
CR0239,chickpea,train
CR0240,chickpea,train
CR0241,chickpea,train
CR0242,chickpea,train
CR0243,chickpea,train
CR0244,chickpea,test
CR0245,chickpea,train
CR0246,chickpea,validation
CR0247,chickpea,train
CR0248,chickpea,test
CR0249,chickpea,validation
CR0250,chickpea,train
CR0251,chickpea,test
CR0252,chickpea,train
CR0253,chickpea,validation
CR0254,chickpea,validation
CR0255,chickpea,train
CR0256,chickpea,train
CR0257,chickpea,train
CR0258,chickpea,train
CR0259,chickpea,test
CR0260,chickpea,test
CR0261,chickpea,test
CR0262,chickpea,train
CR0263,chickpea,validation
CR0264,chickpea,test
CR0265,chickpea,train
CR0266,chickpea,train
CR0267,chickpea,train
CR0268,chickpea,train
CR0269,chickpea,validation
CR0270,chickpea,train
CR0271,chickpea,train
CR0272,chickpea,train
CR0273,chickpea,train
CR0274,chickpea,validation
CR0275,chickpea,train
CR0276,chickpea,validation
CR0277,chickpea,train
CR0278,chickpea,train
CR0279,chickpea,validation
CR0280,chickpea,train
CR0281,chickpea,train
CR0282,chickpea,train
CR0283,chickpea,train
CR0284,chickpea,train
CR0285,chickpea,train
CR0286,chickpea,validation
CR0287,chickpea,train
CR0288,chickpea,validation
CR0289,chickpea,train
CR0290,chickpea,train
CR0291,chickpea,validation
CR0292,chickpea,train
CR0293,chickpea,train
CR0294,chickpea,train
CR0295,chickpea,train
CR0296,chickpea,test
CR0297,chickpea,train
CR0298,chickpea,test
CR0299,chickpea,train
CR0300,chickpea,train
CR0301,kidneybeans,train
CR0302,kidneybeans,train
CR0303,kidneybeans,validation
CR0304,kidneybeans,test
CR0305,kidneybeans,test
CR0306,kidneybeans,test
CR0307,kidneybeans,train
CR0308,kidneybeans,validation
CR0309,kidneybeans,validation
CR0310,kidneybeans,train
CR0311,kidneybeans,train
CR0312,kidneybeans,train
CR0313,kidneybeans,train
CR0314,kidneybeans,train
CR0315,kidneybeans,train
CR0316,kidneybeans,train
CR0317,kidneybeans,train
CR0318,kidneybeans,train
CR0319,kidneybeans,train
CR0320,kidneybeans,train
CR0321,kidneybeans,test
CR0322,kidneybeans,test
CR0323,kidneybeans,train
CR0324,kidneybeans,test
CR0325,kidneybeans,train
CR0326,kidneybeans,validation
CR0327,kidneybeans,train
CR0328,kidneybeans,train
CR0329,kidneybeans,train
CR0330,kidneybeans,train
CR0331,kidneybeans,validation
CR0332,kidneybeans,train
CR0333,kidneybeans,test
CR0334,kidneybeans,train
CR0335,kidneybeans,train
CR0336,kidneybeans,test
CR0337,kidneybeans,train
CR0338,kidneybeans,train
CR0339,kidneybeans,train
CR0340,kidneybeans,test
CR0341,kidneybeans,train
CR0342,kidneybeans,train
CR0343,kidneybeans,train
CR0344,kidneybeans,validation
CR0345,kidneybeans,validation
CR0346,kidneybeans,train
CR0347,kidneybeans,train
CR0348,kidneybeans,train
CR0349,kidneybeans,train
CR0350,kidneybeans,train
CR0351,kidneybeans,validation
CR0352,kidneybeans,test
CR0353,kidneybeans,test
CR0354,kidneybeans,train
CR0355,kidneybeans,test
CR0356,kidneybeans,test
CR0357,kidneybeans,validation
CR0358,kidneybeans,train
CR0359,kidneybeans,validation
CR0360,kidneybeans,train
CR0361,kidneybeans,train
CR0362,kidneybeans,validation
CR0363,kidneybeans,train
CR0364,kidneybeans,test
CR0365,kidneybeans,train
CR0366,kidneybeans,test
CR0367,kidneybeans,train
CR0368,kidneybeans,train
CR0369,kidneybeans,train
CR0370,kidneybeans,validation
CR0371,kidneybeans,train
CR0372,kidneybeans,train
CR0373,kidneybeans,validation
CR0374,kidneybeans,test
CR0375,kidneybeans,validation
CR0376,kidneybeans,train
CR0377,kidneybeans,train
CR0378,kidneybeans,train
CR0379,kidneybeans,train
CR0380,kidneybeans,train
CR0381,kidneybeans,train
CR0382,kidneybeans,validation
CR0383,kidneybeans,test
CR0384,kidneybeans,validation
CR0385,kidneybeans,train
CR0386,kidneybeans,validation
CR0387,kidneybeans,validation
CR0388,kidneybeans,test
CR0389,kidneybeans,train
CR0390,kidneybeans,train
CR0391,kidneybeans,train
CR0392,kidneybeans,train
CR0393,kidneybeans,validation
CR0394,kidneybeans,train
CR0395,kidneybeans,train
CR0396,kidneybeans,validation
CR0397,kidneybeans,train
CR0398,kidneybeans,test
CR0399,kidneybeans,train
CR0400,kidneybeans,test
CR0401,pigeonpeas,train
CR0402,pigeonpeas,train
CR0403,pigeonpeas,test
CR0404,pigeonpeas,validation
CR0405,pigeonpeas,train
CR0406,pigeonpeas,test
CR0407,pigeonpeas,validation
CR0408,pigeonpeas,test
CR0409,pigeonpeas,validation
CR0410,pigeonpeas,train
CR0411,pigeonpeas,train
CR0412,pigeonpeas,validation
CR0413,pigeonpeas,test
CR0414,pigeonpeas,validation
CR0415,pigeonpeas,validation
CR0416,pigeonpeas,train
CR0417,pigeonpeas,train
CR0418,pigeonpeas,train
CR0419,pigeonpeas,validation
CR0420,pigeonpeas,train
CR0421,pigeonpeas,train
CR0422,pigeonpeas,validation
CR0423,pigeonpeas,train
CR0424,pigeonpeas,train
CR0425,pigeonpeas,test
CR0426,pigeonpeas,test
CR0427,pigeonpeas,train
CR0428,pigeonpeas,train
CR0429,pigeonpeas,train
CR0430,pigeonpeas,train
CR0431,pigeonpeas,train
CR0432,pigeonpeas,test
CR0433,pigeonpeas,train
CR0434,pigeonpeas,train
CR0435,pigeonpeas,train
CR0436,pigeonpeas,test
CR0437,pigeonpeas,train
CR0438,pigeonpeas,train
CR0439,pigeonpeas,train
CR0440,pigeonpeas,train
CR0441,pigeonpeas,test
CR0442,pigeonpeas,train
CR0443,pigeonpeas,train
CR0444,pigeonpeas,validation
CR0445,pigeonpeas,validation
CR0446,pigeonpeas,test
CR0447,pigeonpeas,train
CR0448,pigeonpeas,train
CR0449,pigeonpeas,test
CR0450,pigeonpeas,validation
CR0451,pigeonpeas,train
CR0452,pigeonpeas,train
CR0453,pigeonpeas,train
CR0454,pigeonpeas,train
CR0455,pigeonpeas,test
CR0456,pigeonpeas,train
CR0457,pigeonpeas,train
CR0458,pigeonpeas,validation
CR0459,pigeonpeas,train
CR0460,pigeonpeas,validation
CR0461,pigeonpeas,validation
CR0462,pigeonpeas,validation
CR0463,pigeonpeas,train
CR0464,pigeonpeas,train
CR0465,pigeonpeas,train
CR0466,pigeonpeas,test
CR0467,pigeonpeas,validation
CR0468,pigeonpeas,train
CR0469,pigeonpeas,train
CR0470,pigeonpeas,test
CR0471,pigeonpeas,train
CR0472,pigeonpeas,validation
CR0473,pigeonpeas,test
CR0474,pigeonpeas,train
CR0475,pigeonpeas,test
CR0476,pigeonpeas,test
CR0477,pigeonpeas,train
CR0478,pigeonpeas,train
CR0479,pigeonpeas,train
CR0480,pigeonpeas,train
CR0481,pigeonpeas,train
CR0482,pigeonpeas,train
CR0483,pigeonpeas,test
CR0484,pigeonpeas,train
CR0485,pigeonpeas,train
CR0486,pigeonpeas,train
CR0487,pigeonpeas,train
CR0488,pigeonpeas,validation
CR0489,pigeonpeas,train
CR0490,pigeonpeas,train
CR0491,pigeonpeas,test
CR0492,pigeonpeas,train
CR0493,pigeonpeas,validation
CR0494,pigeonpeas,train
CR0495,pigeonpeas,train
CR0496,pigeonpeas,test
CR0497,pigeonpeas,train
CR0498,pigeonpeas,validation
CR0499,pigeonpeas,train
CR0500,pigeonpeas,train
CR0501,mothbeans,train
CR0502,mothbeans,validation
CR0503,mothbeans,train
CR0504,mothbeans,train
CR0505,mothbeans,train
CR0506,mothbeans,validation
CR0507,mothbeans,train
CR0508,mothbeans,train
CR0509,mothbeans,train
CR0510,mothbeans,validation
CR0511,mothbeans,test
CR0512,mothbeans,test
CR0513,mothbeans,train
CR0514,mothbeans,train
CR0515,mothbeans,train
CR0516,mothbeans,train
CR0517,mothbeans,test
CR0518,mothbeans,train
CR0519,mothbeans,train
CR0520,mothbeans,train
CR0521,mothbeans,validation
CR0522,mothbeans,train
CR0523,mothbeans,train
CR0524,mothbeans,train
CR0525,mothbeans,test
CR0526,mothbeans,test
CR0527,mothbeans,validation
CR0528,mothbeans,train
CR0529,mothbeans,validation
CR0530,mothbeans,train
CR0531,mothbeans,test
CR0532,mothbeans,train
CR0533,mothbeans,train
CR0534,mothbeans,train
CR0535,mothbeans,test
CR0536,mothbeans,test
CR0537,mothbeans,test
CR0538,mothbeans,train
CR0539,mothbeans,test
CR0540,mothbeans,test
CR0541,mothbeans,train
CR0542,mothbeans,train
CR0543,mothbeans,train
CR0544,mothbeans,train
CR0545,mothbeans,validation
CR0546,mothbeans,validation
CR0547,mothbeans,train
CR0548,mothbeans,train
CR0549,mothbeans,train
CR0550,mothbeans,train
CR0551,mothbeans,test
CR0552,mothbeans,train
CR0553,mothbeans,validation
CR0554,mothbeans,test
CR0555,mothbeans,train
CR0556,mothbeans,train
CR0557,mothbeans,validation
CR0558,mothbeans,train
CR0559,mothbeans,test
CR0560,mothbeans,train
CR0561,mothbeans,train
CR0562,mothbeans,validation
CR0563,mothbeans,train
CR0564,mothbeans,validation
CR0565,mothbeans,test
CR0566,mothbeans,train
CR0567,mothbeans,train
CR0568,mothbeans,test
CR0569,mothbeans,validation
CR0570,mothbeans,train
CR0571,mothbeans,test
CR0572,mothbeans,train
CR0573,mothbeans,validation
CR0574,mothbeans,train
CR0575,mothbeans,train
CR0576,mothbeans,test
CR0577,mothbeans,test
CR0578,mothbeans,train
CR0579,mothbeans,train
CR0580,mothbeans,train
CR0581,mothbeans,train
CR0582,mothbeans,validation
CR0583,mothbeans,train
CR0584,mothbeans,train
CR0585,mothbeans,test
CR0586,mothbeans,validation
CR0587,mothbeans,validation
CR0588,mothbeans,train
CR0589,mothbeans,validation
CR0590,mothbeans,train
CR0591,mothbeans,train
CR0592,mothbeans,train
CR0593,mothbeans,train
CR0594,mothbeans,train
CR0595,mothbeans,train
CR0596,mothbeans,validation
CR0597,mothbeans,train
CR0598,mothbeans,train
CR0599,mothbeans,train
CR0600,mothbeans,validation
CR0601,mungbean,train
CR0602,mungbean,train
CR0603,mungbean,test
CR0604,mungbean,train
CR0605,mungbean,train
CR0606,mungbean,train
CR0607,mungbean,validation
CR0608,mungbean,train
CR0609,mungbean,validation
CR0610,mungbean,test
CR0611,mungbean,train
CR0612,mungbean,train
CR0613,mungbean,train
CR0614,mungbean,validation
CR0615,mungbean,test
CR0616,mungbean,validation
CR0617,mungbean,validation
CR0618,mungbean,validation
CR0619,mungbean,train
CR0620,mungbean,train
CR0621,mungbean,train
CR0622,mungbean,train
CR0623,mungbean,validation
CR0624,mungbean,validation
CR0625,mungbean,train
CR0626,mungbean,validation
CR0627,mungbean,train
CR0628,mungbean,train
CR0629,mungbean,train
CR0630,mungbean,train
CR0631,mungbean,validation
CR0632,mungbean,test
CR0633,mungbean,train
CR0634,mungbean,train
CR0635,mungbean,train
CR0636,mungbean,train
CR0637,mungbean,validation
CR0638,mungbean,train
CR0639,mungbean,validation
CR0640,mungbean,test
CR0641,mungbean,train
CR0642,mungbean,train
CR0643,mungbean,validation
CR0644,mungbean,test
CR0645,mungbean,test
CR0646,mungbean,train
CR0647,mungbean,test
CR0648,mungbean,validation
CR0649,mungbean,train
CR0650,mungbean,train
CR0651,mungbean,train
CR0652,mungbean,train
CR0653,mungbean,train
CR0654,mungbean,train
CR0655,mungbean,test
CR0656,mungbean,train
CR0657,mungbean,train
CR0658,mungbean,train
CR0659,mungbean,validation
CR0660,mungbean,validation
CR0661,mungbean,train
CR0662,mungbean,train
CR0663,mungbean,train
CR0664,mungbean,train
CR0665,mungbean,train
CR0666,mungbean,train
CR0667,mungbean,train
CR0668,mungbean,train
CR0669,mungbean,train
CR0670,mungbean,train
CR0671,mungbean,test
CR0672,mungbean,test
CR0673,mungbean,train
CR0674,mungbean,train
CR0675,mungbean,train
CR0676,mungbean,train
CR0677,mungbean,train
CR0678,mungbean,validation
CR0679,mungbean,validation
CR0680,mungbean,train
CR0681,mungbean,train
CR0682,mungbean,train
CR0683,mungbean,train
CR0684,mungbean,validation
CR0685,mungbean,test
CR0686,mungbean,test
CR0687,mungbean,validation
CR0688,mungbean,test
CR0689,mungbean,train
CR0690,mungbean,test
CR0691,mungbean,test
CR0692,mungbean,train
CR0693,mungbean,train
CR0694,mungbean,train
CR0695,mungbean,train
CR0696,mungbean,train
CR0697,mungbean,test
CR0698,mungbean,test
CR0699,mungbean,test
CR0700,mungbean,test
CR0701,blackgram,validation
CR0702,blackgram,validation
CR0703,blackgram,validation
CR0704,blackgram,train
CR0705,blackgram,train
CR0706,blackgram,train
CR0707,blackgram,train
CR0708,blackgram,train
CR0709,blackgram,train
CR0710,blackgram,train
CR0711,blackgram,validation
CR0712,blackgram,train
CR0713,blackgram,train
CR0714,blackgram,train
CR0715,blackgram,train
CR0716,blackgram,test
CR0717,blackgram,test
CR0718,blackgram,test
CR0719,blackgram,validation
CR0720,blackgram,test
CR0721,blackgram,train
CR0722,blackgram,train
CR0723,blackgram,train
CR0724,blackgram,test
CR0725,blackgram,train
CR0726,blackgram,train
CR0727,blackgram,train
CR0728,blackgram,train
CR0729,blackgram,train
CR0730,blackgram,train
CR0731,blackgram,train
CR0732,blackgram,test
CR0733,blackgram,test
CR0734,blackgram,train
CR0735,blackgram,train
CR0736,blackgram,validation
CR0737,blackgram,train
CR0738,blackgram,test
CR0739,blackgram,validation
CR0740,blackgram,validation
CR0741,blackgram,train
CR0742,blackgram,train
CR0743,blackgram,train
CR0744,blackgram,validation
CR0745,blackgram,train
CR0746,blackgram,train
CR0747,blackgram,train
CR0748,blackgram,train
CR0749,blackgram,train
CR0750,blackgram,train
CR0751,blackgram,train
CR0752,blackgram,validation
CR0753,blackgram,test
CR0754,blackgram,train
CR0755,blackgram,validation
CR0756,blackgram,validation
CR0757,blackgram,train
CR0758,blackgram,train
CR0759,blackgram,test
CR0760,blackgram,train
CR0761,blackgram,train
CR0762,blackgram,train
CR0763,blackgram,train
CR0764,blackgram,test
CR0765,blackgram,test
CR0766,blackgram,train
CR0767,blackgram,test
CR0768,blackgram,test
CR0769,blackgram,test
CR0770,blackgram,validation
CR0771,blackgram,test
CR0772,blackgram,train
CR0773,blackgram,test
CR0774,blackgram,validation
CR0775,blackgram,validation
CR0776,blackgram,train
CR0777,blackgram,test
CR0778,blackgram,train
CR0779,blackgram,train
CR0780,blackgram,train
CR0781,blackgram,validation
CR0782,blackgram,train
CR0783,blackgram,train
CR0784,blackgram,train
CR0785,blackgram,train
CR0786,blackgram,train
CR0787,blackgram,train
CR0788,blackgram,train
CR0789,blackgram,train
CR0790,blackgram,validation
CR0791,blackgram,validation
CR0792,blackgram,test
CR0793,blackgram,train
CR0794,blackgram,train
CR0795,blackgram,train
CR0796,blackgram,validation
CR0797,blackgram,validation
CR0798,blackgram,train
CR0799,blackgram,test
CR0800,blackgram,train
CR0801,lentil,train
CR0802,lentil,train
CR0803,lentil,train
CR0804,lentil,validation
CR0805,lentil,validation
CR0806,lentil,test
CR0807,lentil,validation
CR0808,lentil,train
CR0809,lentil,train
CR0810,lentil,train
CR0811,lentil,train
CR0812,lentil,train
CR0813,lentil,train
CR0814,lentil,validation
CR0815,lentil,test
CR0816,lentil,train
CR0817,lentil,test
CR0818,lentil,validation
CR0819,lentil,train
CR0820,lentil,train
CR0821,lentil,train
CR0822,lentil,train
CR0823,lentil,test
CR0824,lentil,train
CR0825,lentil,test
CR0826,lentil,validation
CR0827,lentil,train
CR0828,lentil,train
CR0829,lentil,train
CR0830,lentil,validation
CR0831,lentil,train
CR0832,lentil,test
CR0833,lentil,train
CR0834,lentil,train
CR0835,lentil,validation
CR0836,lentil,train
CR0837,lentil,test
CR0838,lentil,validation
CR0839,lentil,test
CR0840,lentil,validation
CR0841,lentil,train
CR0842,lentil,test
CR0843,lentil,train
CR0844,lentil,train
CR0845,lentil,train
CR0846,lentil,train
CR0847,lentil,test
CR0848,lentil,train
CR0849,lentil,train
CR0850,lentil,train
CR0851,lentil,validation
CR0852,lentil,test
CR0853,lentil,test
CR0854,lentil,train
CR0855,lentil,train
CR0856,lentil,train
CR0857,lentil,train
CR0858,lentil,train
CR0859,lentil,train
CR0860,lentil,test
CR0861,lentil,train
CR0862,lentil,validation
CR0863,lentil,validation
CR0864,lentil,validation
CR0865,lentil,train
CR0866,lentil,test
CR0867,lentil,test
CR0868,lentil,train
CR0869,lentil,train
CR0870,lentil,test
CR0871,lentil,train
CR0872,lentil,validation
CR0873,lentil,train
CR0874,lentil,train
CR0875,lentil,train
CR0876,lentil,train
CR0877,lentil,test
CR0878,lentil,test
CR0879,lentil,train
CR0880,lentil,train
CR0881,lentil,validation
CR0882,lentil,train
CR0883,lentil,validation
CR0884,lentil,test
CR0885,lentil,validation
CR0886,lentil,train
CR0887,lentil,train
CR0888,lentil,validation
CR0889,lentil,train
CR0890,lentil,train
CR0891,lentil,train
CR0892,lentil,train
CR0893,lentil,train
CR0894,lentil,train
CR0895,lentil,train
CR0896,lentil,validation
CR0897,lentil,train
CR0898,lentil,train
CR0899,lentil,train
CR0900,lentil,test
CR0901,pomegranate,train
CR0902,pomegranate,test
CR0903,pomegranate,test
CR0904,pomegranate,train
CR0905,pomegranate,validation
CR0906,pomegranate,train
CR0907,pomegranate,train
CR0908,pomegranate,validation
CR0909,pomegranate,train
CR0910,pomegranate,test
CR0911,pomegranate,test
CR0912,pomegranate,train
CR0913,pomegranate,train
CR0914,pomegranate,test
CR0915,pomegranate,test
CR0916,pomegranate,train
CR0917,pomegranate,validation
CR0918,pomegranate,test
CR0919,pomegranate,train
CR0920,pomegranate,train
CR0921,pomegranate,validation
CR0922,pomegranate,train
CR0923,pomegranate,validation
CR0924,pomegranate,train
CR0925,pomegranate,train
CR0926,pomegranate,validation
CR0927,pomegranate,train
CR0928,pomegranate,validation
CR0929,pomegranate,train
CR0930,pomegranate,train
CR0931,pomegranate,validation
CR0932,pomegranate,train
CR0933,pomegranate,train
CR0934,pomegranate,train
CR0935,pomegranate,test
CR0936,pomegranate,test
CR0937,pomegranate,test
CR0938,pomegranate,validation
CR0939,pomegranate,train
CR0940,pomegranate,test
CR0941,pomegranate,test
CR0942,pomegranate,test
CR0943,pomegranate,train
CR0944,pomegranate,test
CR0945,pomegranate,validation
CR0946,pomegranate,train
CR0947,pomegranate,test
CR0948,pomegranate,train
CR0949,pomegranate,train
CR0950,pomegranate,train
CR0951,pomegranate,train
CR0952,pomegranate,train
CR0953,pomegranate,train
CR0954,pomegranate,validation
CR0955,pomegranate,train
CR0956,pomegranate,validation
CR0957,pomegranate,train
CR0958,pomegranate,train
CR0959,pomegranate,train
CR0960,pomegranate,test
CR0961,pomegranate,train
CR0962,pomegranate,validation
CR0963,pomegranate,train
CR0964,pomegranate,train
CR0965,pomegranate,validation
CR0966,pomegranate,validation
CR0967,pomegranate,train
CR0968,pomegranate,train
CR0969,pomegranate,validation
CR0970,pomegranate,validation
CR0971,pomegranate,train
CR0972,pomegranate,train
CR0973,pomegranate,train
CR0974,pomegranate,train
CR0975,pomegranate,train
CR0976,pomegranate,train
CR0977,pomegranate,train
CR0978,pomegranate,validation
CR0979,pomegranate,train
CR0980,pomegranate,train
CR0981,pomegranate,test
CR0982,pomegranate,train
CR0983,pomegranate,train
CR0984,pomegranate,train
CR0985,pomegranate,train
CR0986,pomegranate,train
CR0987,pomegranate,test
CR0988,pomegranate,test
CR0989,pomegranate,train
CR0990,pomegranate,validation
CR0991,pomegranate,train
CR0992,pomegranate,train
CR0993,pomegranate,train
CR0994,pomegranate,test
CR0995,pomegranate,train
CR0996,pomegranate,train
CR0997,pomegranate,train
CR0998,pomegranate,train
CR0999,pomegranate,validation
CR1000,pomegranate,train
CR1001,banana,test
CR1002,banana,train
CR1003,banana,validation
CR1004,banana,validation
CR1005,banana,test
CR1006,banana,train
CR1007,banana,validation
CR1008,banana,test
CR1009,banana,validation
CR1010,banana,train
CR1011,banana,train
CR1012,banana,validation
CR1013,banana,train
CR1014,banana,validation
CR1015,banana,validation
CR1016,banana,train
CR1017,banana,train
CR1018,banana,train
CR1019,banana,train
CR1020,banana,train
CR1021,banana,train
CR1022,banana,train
CR1023,banana,validation
CR1024,banana,train
CR1025,banana,train
CR1026,banana,train
CR1027,banana,validation
CR1028,banana,test
CR1029,banana,train
CR1030,banana,train
CR1031,banana,train
CR1032,banana,train
CR1033,banana,validation
CR1034,banana,test
CR1035,banana,test
CR1036,banana,train
CR1037,banana,validation
CR1038,banana,train
CR1039,banana,validation
CR1040,banana,train
CR1041,banana,validation
CR1042,banana,validation
CR1043,banana,test
CR1044,banana,test
CR1045,banana,test
CR1046,banana,train
CR1047,banana,test
CR1048,banana,validation
CR1049,banana,train
CR1050,banana,train
CR1051,banana,validation
CR1052,banana,test
CR1053,banana,train
CR1054,banana,train
CR1055,banana,train
CR1056,banana,train
CR1057,banana,train
CR1058,banana,train
CR1059,banana,train
CR1060,banana,train
CR1061,banana,train
CR1062,banana,validation
CR1063,banana,test
CR1064,banana,train
CR1065,banana,validation
CR1066,banana,train
CR1067,banana,train
CR1068,banana,train
CR1069,banana,train
CR1070,banana,train
CR1071,banana,validation
CR1072,banana,test
CR1073,banana,test
CR1074,banana,train
CR1075,banana,train
CR1076,banana,train
CR1077,banana,train
CR1078,banana,test
CR1079,banana,train
CR1080,banana,train
CR1081,banana,test
CR1082,banana,train
CR1083,banana,train
CR1084,banana,train
CR1085,banana,test
CR1086,banana,train
CR1087,banana,train
CR1088,banana,train
CR1089,banana,train
CR1090,banana,train
CR1091,banana,train
CR1092,banana,train
CR1093,banana,train
CR1094,banana,train
CR1095,banana,validation
CR1096,banana,test
CR1097,banana,test
CR1098,banana,test
CR1099,banana,train
CR1100,banana,train
CR1101,mango,train
CR1102,mango,train
CR1103,mango,validation
CR1104,mango,train
CR1105,mango,train
CR1106,mango,train
CR1107,mango,test
CR1108,mango,validation
CR1109,mango,train
CR1110,mango,test
CR1111,mango,train
CR1112,mango,train
CR1113,mango,train
CR1114,mango,validation
CR1115,mango,train
CR1116,mango,validation
CR1117,mango,train
CR1118,mango,train
CR1119,mango,validation
CR1120,mango,train
CR1121,mango,test
CR1122,mango,train
CR1123,mango,validation
CR1124,mango,train
CR1125,mango,train
CR1126,mango,train
CR1127,mango,train
CR1128,mango,train
CR1129,mango,train
CR1130,mango,train
CR1131,mango,train
CR1132,mango,validation
CR1133,mango,validation
CR1134,mango,test
CR1135,mango,validation
CR1136,mango,train
CR1137,mango,validation
CR1138,mango,train
CR1139,mango,train
CR1140,mango,train
CR1141,mango,train
CR1142,mango,train
CR1143,mango,train
CR1144,mango,train
CR1145,mango,train
CR1146,mango,test
CR1147,mango,train
CR1148,mango,test
CR1149,mango,train
CR1150,mango,validation
CR1151,mango,validation
CR1152,mango,train
CR1153,mango,train
CR1154,mango,validation
CR1155,mango,validation
CR1156,mango,train
CR1157,mango,test
CR1158,mango,train
CR1159,mango,test
CR1160,mango,train
CR1161,mango,train
CR1162,mango,train
CR1163,mango,train
CR1164,mango,train
CR1165,mango,validation
CR1166,mango,train
CR1167,mango,test
CR1168,mango,validation
CR1169,mango,train
CR1170,mango,train
CR1171,mango,train
CR1172,mango,test
CR1173,mango,test
CR1174,mango,test
CR1175,mango,train
CR1176,mango,train
CR1177,mango,train
CR1178,mango,train
CR1179,mango,train
CR1180,mango,train
CR1181,mango,test
CR1182,mango,validation
CR1183,mango,test
CR1184,mango,train
CR1185,mango,validation
CR1186,mango,train
CR1187,mango,test
CR1188,mango,test
CR1189,mango,test
CR1190,mango,train
CR1191,mango,test
CR1192,mango,validation
CR1193,mango,test
CR1194,mango,train
CR1195,mango,test
CR1196,mango,train
CR1197,mango,train
CR1198,mango,train
CR1199,mango,validation
CR1200,mango,train
CR1201,grapes,validation
CR1202,grapes,train
CR1203,grapes,test
CR1204,grapes,test
CR1205,grapes,test
CR1206,grapes,test
CR1207,grapes,train
CR1208,grapes,validation
CR1209,grapes,train
CR1210,grapes,train
CR1211,grapes,test
CR1212,grapes,train
CR1213,grapes,train
CR1214,grapes,train
CR1215,grapes,train
CR1216,grapes,train
CR1217,grapes,validation
CR1218,grapes,test
CR1219,grapes,train
CR1220,grapes,train
CR1221,grapes,validation
CR1222,grapes,train
CR1223,grapes,test
CR1224,grapes,train
CR1225,grapes,train
CR1226,grapes,validation
CR1227,grapes,test
CR1228,grapes,test
CR1229,grapes,train
CR1230,grapes,train
CR1231,grapes,validation
CR1232,grapes,test
CR1233,grapes,validation
CR1234,grapes,test
CR1235,grapes,train
CR1236,grapes,train
CR1237,grapes,test
CR1238,grapes,train
CR1239,grapes,train
CR1240,grapes,train
CR1241,grapes,train
CR1242,grapes,train
CR1243,grapes,train
CR1244,grapes,train
CR1245,grapes,test
CR1246,grapes,train
CR1247,grapes,train
CR1248,grapes,train
CR1249,grapes,validation
CR1250,grapes,train
CR1251,grapes,validation
CR1252,grapes,train
CR1253,grapes,test
CR1254,grapes,train
CR1255,grapes,validation
CR1256,grapes,train
CR1257,grapes,train
CR1258,grapes,train
CR1259,grapes,validation
CR1260,grapes,train
CR1261,grapes,train
CR1262,grapes,validation
CR1263,grapes,test
CR1264,grapes,train
CR1265,grapes,test
CR1266,grapes,train
CR1267,grapes,train
CR1268,grapes,train
CR1269,grapes,validation
CR1270,grapes,train
CR1271,grapes,train
CR1272,grapes,train
CR1273,grapes,train
CR1274,grapes,train
CR1275,grapes,train
CR1276,grapes,test
CR1277,grapes,validation
CR1278,grapes,train
CR1279,grapes,train
CR1280,grapes,train
CR1281,grapes,train
CR1282,grapes,train
CR1283,grapes,validation
CR1284,grapes,train
CR1285,grapes,test
CR1286,grapes,validation
CR1287,grapes,train
CR1288,grapes,train
CR1289,grapes,test
CR1290,grapes,train
CR1291,grapes,train
CR1292,grapes,train
CR1293,grapes,train
CR1294,grapes,train
CR1295,grapes,validation
CR1296,grapes,validation
CR1297,grapes,train
CR1298,grapes,test
CR1299,grapes,validation
CR1300,grapes,validation
CR1301,watermelon,train
CR1302,watermelon,train
CR1303,watermelon,train
CR1304,watermelon,train
CR1305,watermelon,test
CR1306,watermelon,train
CR1307,watermelon,train
CR1308,watermelon,validation
CR1309,watermelon,train
CR1310,watermelon,train
CR1311,watermelon,train
CR1312,watermelon,test
CR1313,watermelon,test
CR1314,watermelon,train
CR1315,watermelon,test
CR1316,watermelon,validation
CR1317,watermelon,train
CR1318,watermelon,train
CR1319,watermelon,validation
CR1320,watermelon,train
CR1321,watermelon,test
CR1322,watermelon,train
CR1323,watermelon,test
CR1324,watermelon,train
CR1325,watermelon,validation
CR1326,watermelon,train
CR1327,watermelon,validation
CR1328,watermelon,validation
CR1329,watermelon,test
CR1330,watermelon,test
CR1331,watermelon,train
CR1332,watermelon,train
CR1333,watermelon,train
CR1334,watermelon,test
CR1335,watermelon,validation
CR1336,watermelon,validation
CR1337,watermelon,test
CR1338,watermelon,train
CR1339,watermelon,train
CR1340,watermelon,train
CR1341,watermelon,train
CR1342,watermelon,validation
CR1343,watermelon,test
CR1344,watermelon,test
CR1345,watermelon,train
CR1346,watermelon,validation
CR1347,watermelon,validation
CR1348,watermelon,test
CR1349,watermelon,train
CR1350,watermelon,train
CR1351,watermelon,validation
CR1352,watermelon,test
CR1353,watermelon,train
CR1354,watermelon,train
CR1355,watermelon,train
CR1356,watermelon,train
CR1357,watermelon,train
CR1358,watermelon,train
CR1359,watermelon,train
CR1360,watermelon,train
CR1361,watermelon,train
CR1362,watermelon,train
CR1363,watermelon,train
CR1364,watermelon,train
CR1365,watermelon,train
CR1366,watermelon,train
CR1367,watermelon,train
CR1368,watermelon,test
CR1369,watermelon,train
CR1370,watermelon,validation
CR1371,watermelon,train
CR1372,watermelon,train
CR1373,watermelon,train
CR1374,watermelon,train
CR1375,watermelon,validation
CR1376,watermelon,validation
CR1377,watermelon,train
CR1378,watermelon,train
CR1379,watermelon,validation
CR1380,watermelon,test
CR1381,watermelon,train
CR1382,watermelon,test
CR1383,watermelon,train
CR1384,watermelon,test
CR1385,watermelon,train
CR1386,watermelon,validation
CR1387,watermelon,test
CR1388,watermelon,train
CR1389,watermelon,train
CR1390,watermelon,train
CR1391,watermelon,train
CR1392,watermelon,validation
CR1393,watermelon,validation
CR1394,watermelon,train
CR1395,watermelon,train
CR1396,watermelon,train
CR1397,watermelon,test
CR1398,watermelon,train
CR1399,watermelon,train
CR1400,watermelon,validation
CR1401,muskmelon,train
CR1402,muskmelon,train
CR1403,muskmelon,test
CR1404,muskmelon,test
CR1405,muskmelon,validation
CR1406,muskmelon,validation
CR1407,muskmelon,train
CR1408,muskmelon,train
CR1409,muskmelon,validation
CR1410,muskmelon,train
CR1411,muskmelon,test
CR1412,muskmelon,train
CR1413,muskmelon,test
CR1414,muskmelon,test
CR1415,muskmelon,train
CR1416,muskmelon,train
CR1417,muskmelon,test
CR1418,muskmelon,train
CR1419,muskmelon,train
CR1420,muskmelon,test
CR1421,muskmelon,train
CR1422,muskmelon,train
CR1423,muskmelon,train
CR1424,muskmelon,train
CR1425,muskmelon,validation
CR1426,muskmelon,train
CR1427,muskmelon,train
CR1428,muskmelon,train
CR1429,muskmelon,train
CR1430,muskmelon,train
CR1431,muskmelon,train
CR1432,muskmelon,validation
CR1433,muskmelon,train
CR1434,muskmelon,validation
CR1435,muskmelon,validation
CR1436,muskmelon,train
CR1437,muskmelon,test
CR1438,muskmelon,train
CR1439,muskmelon,train
CR1440,muskmelon,train
CR1441,muskmelon,validation
CR1442,muskmelon,train
CR1443,muskmelon,train
CR1444,muskmelon,train
CR1445,muskmelon,train
CR1446,muskmelon,validation
CR1447,muskmelon,test
CR1448,muskmelon,train
CR1449,muskmelon,test
CR1450,muskmelon,test
CR1451,muskmelon,train
CR1452,muskmelon,test
CR1453,muskmelon,train
CR1454,muskmelon,test
CR1455,muskmelon,train
CR1456,muskmelon,train
CR1457,muskmelon,validation
CR1458,muskmelon,train
CR1459,muskmelon,validation
CR1460,muskmelon,train
CR1461,muskmelon,test
CR1462,muskmelon,validation
CR1463,muskmelon,validation
CR1464,muskmelon,train
CR1465,muskmelon,train
CR1466,muskmelon,train
CR1467,muskmelon,train
CR1468,muskmelon,train
CR1469,muskmelon,train
CR1470,muskmelon,train
CR1471,muskmelon,test
CR1472,muskmelon,test
CR1473,muskmelon,train
CR1474,muskmelon,validation
CR1475,muskmelon,train
CR1476,muskmelon,train
CR1477,muskmelon,test
CR1478,muskmelon,train
CR1479,muskmelon,train
CR1480,muskmelon,validation
CR1481,muskmelon,train
CR1482,muskmelon,test
CR1483,muskmelon,test
CR1484,muskmelon,train
CR1485,muskmelon,train
CR1486,muskmelon,validation
CR1487,muskmelon,train
CR1488,muskmelon,test
CR1489,muskmelon,train
CR1490,muskmelon,train
CR1491,muskmelon,train
CR1492,muskmelon,train
CR1493,muskmelon,train
CR1494,muskmelon,train
CR1495,muskmelon,train
CR1496,muskmelon,validation
CR1497,muskmelon,validation
CR1498,muskmelon,validation
CR1499,muskmelon,train
CR1500,muskmelon,validation
CR1501,apple,train
CR1502,apple,validation
CR1503,apple,test
CR1504,apple,train
CR1505,apple,train
CR1506,apple,train
CR1507,apple,train
CR1508,apple,train
CR1509,apple,train
CR1510,apple,train
CR1511,apple,train
CR1512,apple,train
CR1513,apple,train
CR1514,apple,train
CR1515,apple,validation
CR1516,apple,train
CR1517,apple,train
CR1518,apple,train
CR1519,apple,train
CR1520,apple,train
CR1521,apple,test
CR1522,apple,validation
CR1523,apple,train
CR1524,apple,test
CR1525,apple,train
CR1526,apple,train
CR1527,apple,train
CR1528,apple,train
CR1529,apple,train
CR1530,apple,validation
CR1531,apple,train
CR1532,apple,train
CR1533,apple,test
CR1534,apple,train
CR1535,apple,train
CR1536,apple,train
CR1537,apple,train
CR1538,apple,test
CR1539,apple,train
CR1540,apple,train
CR1541,apple,train
CR1542,apple,test
CR1543,apple,train
CR1544,apple,test
CR1545,apple,train
CR1546,apple,train
CR1547,apple,validation
CR1548,apple,train
CR1549,apple,validation
CR1550,apple,train
CR1551,apple,test
CR1552,apple,validation
CR1553,apple,validation
CR1554,apple,train
CR1555,apple,test
CR1556,apple,train
CR1557,apple,validation
CR1558,apple,validation
CR1559,apple,test
CR1560,apple,validation
CR1561,apple,test
CR1562,apple,test
CR1563,apple,train
CR1564,apple,test
CR1565,apple,train
CR1566,apple,train
CR1567,apple,train
CR1568,apple,validation
CR1569,apple,test
CR1570,apple,train
CR1571,apple,train
CR1572,apple,validation
CR1573,apple,train
CR1574,apple,train
CR1575,apple,test
CR1576,apple,validation
CR1577,apple,train
CR1578,apple,train
CR1579,apple,train
CR1580,apple,test
CR1581,apple,train
CR1582,apple,train
CR1583,apple,validation
CR1584,apple,train
CR1585,apple,test
CR1586,apple,train
CR1587,apple,validation
CR1588,apple,validation
CR1589,apple,train
CR1590,apple,train
CR1591,apple,train
CR1592,apple,test
CR1593,apple,validation
CR1594,apple,train
CR1595,apple,test
CR1596,apple,train
CR1597,apple,train
CR1598,apple,validation
CR1599,apple,test
CR1600,apple,validation
CR1601,orange,train
CR1602,orange,validation
CR1603,orange,train
CR1604,orange,train
CR1605,orange,train
CR1606,orange,train
CR1607,orange,train
CR1608,orange,train
CR1609,orange,train
CR1610,orange,validation
CR1611,orange,train
CR1612,orange,test
CR1613,orange,test
CR1614,orange,train
CR1615,orange,train
CR1616,orange,train
CR1617,orange,validation
CR1618,orange,train
CR1619,orange,train
CR1620,orange,test
CR1621,orange,train
CR1622,orange,validation
CR1623,orange,validation
CR1624,orange,train
CR1625,orange,train
CR1626,orange,train
CR1627,orange,test
CR1628,orange,test
CR1629,orange,train
CR1630,orange,test
CR1631,orange,test
CR1632,orange,validation
CR1633,orange,train
CR1634,orange,train
CR1635,orange,test
CR1636,orange,train
CR1637,orange,test
CR1638,orange,train
CR1639,orange,test
CR1640,orange,train
CR1641,orange,train
CR1642,orange,test
CR1643,orange,train
CR1644,orange,train
CR1645,orange,validation
CR1646,orange,validation
CR1647,orange,train
CR1648,orange,train
CR1649,orange,train
CR1650,orange,train
CR1651,orange,train
CR1652,orange,train
CR1653,orange,test
CR1654,orange,train
CR1655,orange,train
CR1656,orange,train
CR1657,orange,train
CR1658,orange,validation
CR1659,orange,train
CR1660,orange,test
CR1661,orange,train
CR1662,orange,train
CR1663,orange,test
CR1664,orange,validation
CR1665,orange,validation
CR1666,orange,test
CR1667,orange,train
CR1668,orange,validation
CR1669,orange,train
CR1670,orange,validation
CR1671,orange,validation
CR1672,orange,train
CR1673,orange,train
CR1674,orange,train
CR1675,orange,train
CR1676,orange,train
CR1677,orange,validation
CR1678,orange,validation
CR1679,orange,test
CR1680,orange,train
CR1681,orange,train
CR1682,orange,validation
CR1683,orange,train
CR1684,orange,train
CR1685,orange,test
CR1686,orange,test
CR1687,orange,validation
CR1688,orange,train
CR1689,orange,train
CR1690,orange,train
CR1691,orange,test
CR1692,orange,test
CR1693,orange,train
CR1694,orange,train
CR1695,orange,validation
CR1696,orange,train
CR1697,orange,train
CR1698,orange,validation
CR1699,orange,train
CR1700,orange,train
CR1701,papaya,train
CR1702,papaya,train
CR1703,papaya,test
CR1704,papaya,train
CR1705,papaya,train
CR1706,papaya,train
CR1707,papaya,train
CR1708,papaya,test
CR1709,papaya,train
CR1710,papaya,train
CR1711,papaya,train
CR1712,papaya,test
CR1713,papaya,train
CR1714,papaya,train
CR1715,papaya,validation
CR1716,papaya,train
CR1717,papaya,validation
CR1718,papaya,test
CR1719,papaya,train
CR1720,papaya,test
CR1721,papaya,train
CR1722,papaya,train
CR1723,papaya,train
CR1724,papaya,test
CR1725,papaya,validation
CR1726,papaya,train
CR1727,papaya,test
CR1728,papaya,train
CR1729,papaya,train
CR1730,papaya,train
CR1731,papaya,train
CR1732,papaya,train
CR1733,papaya,train
CR1734,papaya,test
CR1735,papaya,test
CR1736,papaya,test
CR1737,papaya,train
CR1738,papaya,validation
CR1739,papaya,train
CR1740,papaya,train
CR1741,papaya,train
CR1742,papaya,train
CR1743,papaya,train
CR1744,papaya,validation
CR1745,papaya,train
CR1746,papaya,test
CR1747,papaya,train
CR1748,papaya,train
CR1749,papaya,train
CR1750,papaya,validation
CR1751,papaya,train
CR1752,papaya,train
CR1753,papaya,validation
CR1754,papaya,train
CR1755,papaya,train
CR1756,papaya,train
CR1757,papaya,train
CR1758,papaya,train
CR1759,papaya,train
CR1760,papaya,test
CR1761,papaya,validation
CR1762,papaya,validation
CR1763,papaya,train
CR1764,papaya,test
CR1765,papaya,train
CR1766,papaya,train
CR1767,papaya,train
CR1768,papaya,train
CR1769,papaya,validation
CR1770,papaya,train
CR1771,papaya,validation
CR1772,papaya,test
CR1773,papaya,train
CR1774,papaya,validation
CR1775,papaya,train
CR1776,papaya,validation
CR1777,papaya,train
CR1778,papaya,train
CR1779,papaya,validation
CR1780,papaya,test
CR1781,papaya,validation
CR1782,papaya,train
CR1783,papaya,validation
CR1784,papaya,test
CR1785,papaya,validation
CR1786,papaya,validation
CR1787,papaya,train
CR1788,papaya,test
CR1789,papaya,train
CR1790,papaya,test
CR1791,papaya,train
CR1792,papaya,train
CR1793,papaya,test
CR1794,papaya,test
CR1795,papaya,validation
CR1796,papaya,train
CR1797,papaya,train
CR1798,papaya,train
CR1799,papaya,validation
CR1800,papaya,train
CR1801,coconut,test
CR1802,coconut,train
CR1803,coconut,train
CR1804,coconut,train
CR1805,coconut,validation
CR1806,coconut,test
CR1807,coconut,train
CR1808,coconut,validation
CR1809,coconut,validation
CR1810,coconut,train
CR1811,coconut,train
CR1812,coconut,test
CR1813,coconut,validation
CR1814,coconut,train
CR1815,coconut,train
CR1816,coconut,validation
CR1817,coconut,validation
CR1818,coconut,train
CR1819,coconut,validation
CR1820,coconut,train
CR1821,coconut,train
CR1822,coconut,test
CR1823,coconut,validation
CR1824,coconut,train
CR1825,coconut,train
CR1826,coconut,test
CR1827,coconut,train
CR1828,coconut,train
CR1829,coconut,train
CR1830,coconut,validation
CR1831,coconut,train
CR1832,coconut,train
CR1833,coconut,train
CR1834,coconut,test
CR1835,coconut,train
CR1836,coconut,train
CR1837,coconut,test
CR1838,coconut,train
CR1839,coconut,train
CR1840,coconut,test
CR1841,coconut,train
CR1842,coconut,train
CR1843,coconut,train
CR1844,coconut,train
CR1845,coconut,train
CR1846,coconut,train
CR1847,coconut,test
CR1848,coconut,test
CR1849,coconut,train
CR1850,coconut,train
CR1851,coconut,validation
CR1852,coconut,test
CR1853,coconut,validation
CR1854,coconut,train
CR1855,coconut,test
CR1856,coconut,train
CR1857,coconut,train
CR1858,coconut,validation
CR1859,coconut,train
CR1860,coconut,test
CR1861,coconut,validation
CR1862,coconut,validation
CR1863,coconut,test
CR1864,coconut,validation
CR1865,coconut,train
CR1866,coconut,test
CR1867,coconut,train
CR1868,coconut,validation
CR1869,coconut,train
CR1870,coconut,validation
CR1871,coconut,train
CR1872,coconut,train
CR1873,coconut,train
CR1874,coconut,test
CR1875,coconut,train
CR1876,coconut,test
CR1877,coconut,train
CR1878,coconut,train
CR1879,coconut,train
CR1880,coconut,train
CR1881,coconut,train
CR1882,coconut,test
CR1883,coconut,train
CR1884,coconut,validation
CR1885,coconut,train
CR1886,coconut,test
CR1887,coconut,train
CR1888,coconut,train
CR1889,coconut,validation
CR1890,coconut,train
CR1891,coconut,train
CR1892,coconut,validation
CR1893,coconut,train
CR1894,coconut,test
CR1895,coconut,train
CR1896,coconut,train
CR1897,coconut,train
CR1898,coconut,train
CR1899,coconut,train
CR1900,coconut,train
CR1901,cotton,validation
CR1902,cotton,train
CR1903,cotton,test
CR1904,cotton,test
CR1905,cotton,train
CR1906,cotton,validation
CR1907,cotton,train
CR1908,cotton,train
CR1909,cotton,train
CR1910,cotton,train
CR1911,cotton,train
CR1912,cotton,train
CR1913,cotton,validation
CR1914,cotton,train
CR1915,cotton,train
CR1916,cotton,train
CR1917,cotton,validation
CR1918,cotton,train
CR1919,cotton,test
CR1920,cotton,validation
CR1921,cotton,train
CR1922,cotton,train
CR1923,cotton,train
CR1924,cotton,train
CR1925,cotton,validation
CR1926,cotton,train
CR1927,cotton,train
CR1928,cotton,train
CR1929,cotton,train
CR1930,cotton,train
CR1931,cotton,test
CR1932,cotton,validation
CR1933,cotton,validation
CR1934,cotton,train
CR1935,cotton,train
CR1936,cotton,test
CR1937,cotton,train
CR1938,cotton,test
CR1939,cotton,validation
CR1940,cotton,train
CR1941,cotton,train
CR1942,cotton,train
CR1943,cotton,train
CR1944,cotton,validation
CR1945,cotton,test
CR1946,cotton,train
CR1947,cotton,test
CR1948,cotton,train
CR1949,cotton,train
CR1950,cotton,train
CR1951,cotton,train
CR1952,cotton,train
CR1953,cotton,train
CR1954,cotton,test
CR1955,cotton,train
CR1956,cotton,test
CR1957,cotton,train
CR1958,cotton,validation
CR1959,cotton,train
CR1960,cotton,train
CR1961,cotton,validation
CR1962,cotton,test
CR1963,cotton,validation
CR1964,cotton,train
CR1965,cotton,validation
CR1966,cotton,train
CR1967,cotton,test
CR1968,cotton,train
CR1969,cotton,train
CR1970,cotton,validation
CR1971,cotton,test
CR1972,cotton,test
CR1973,cotton,train
CR1974,cotton,test
CR1975,cotton,train
CR1976,cotton,train
CR1977,cotton,train
CR1978,cotton,test
CR1979,cotton,train
CR1980,cotton,train
CR1981,cotton,test
CR1982,cotton,train
CR1983,cotton,validation
CR1984,cotton,train
CR1985,cotton,validation
CR1986,cotton,test
CR1987,cotton,train
CR1988,cotton,test
CR1989,cotton,validation
CR1990,cotton,validation
CR1991,cotton,test
CR1992,cotton,train
CR1993,cotton,train
CR1994,cotton,train
CR1995,cotton,train
CR1996,cotton,validation
CR1997,cotton,train
CR1998,cotton,train
CR1999,cotton,train
CR2000,cotton,train
CR2001,jute,test
CR2002,jute,train
CR2003,jute,train
CR2004,jute,validation
CR2005,jute,validation
CR2006,jute,train
CR2007,jute,train
CR2008,jute,validation
CR2009,jute,test
CR2010,jute,train
CR2011,jute,train
CR2012,jute,validation
CR2013,jute,train
CR2014,jute,train
CR2015,jute,train
CR2016,jute,validation
CR2017,jute,train
CR2018,jute,train
CR2019,jute,test
CR2020,jute,train
CR2021,jute,test
CR2022,jute,test
CR2023,jute,test
CR2024,jute,train
CR2025,jute,validation
CR2026,jute,test
CR2027,jute,validation
CR2028,jute,train
CR2029,jute,train
CR2030,jute,train
CR2031,jute,train
CR2032,jute,validation
CR2033,jute,train
CR2034,jute,validation
CR2035,jute,train
CR2036,jute,train
CR2037,jute,train
CR2038,jute,train
CR2039,jute,train
CR2040,jute,train
CR2041,jute,train
CR2042,jute,validation
CR2043,jute,test
CR2044,jute,train
CR2045,jute,validation
CR2046,jute,validation
CR2047,jute,test
CR2048,jute,train
CR2049,jute,validation
CR2050,jute,test
CR2051,jute,test
CR2052,jute,train
CR2053,jute,train
CR2054,jute,train
CR2055,jute,validation
CR2056,jute,test
CR2057,jute,test
CR2058,jute,train
CR2059,jute,train
CR2060,jute,train
CR2061,jute,validation
CR2062,jute,train
CR2063,jute,train
CR2064,jute,train
CR2065,jute,train
CR2066,jute,train
CR2067,jute,validation
CR2068,jute,train
CR2069,jute,train
CR2070,jute,validation
CR2071,jute,train
CR2072,jute,train
CR2073,jute,train
CR2074,jute,train
CR2075,jute,validation
CR2076,jute,train
CR2077,jute,train
CR2078,jute,test
CR2079,jute,test
CR2080,jute,test
CR2081,jute,train
CR2082,jute,test
CR2083,jute,train
CR2084,jute,train
CR2085,jute,test
CR2086,jute,train
CR2087,jute,test
CR2088,jute,train
CR2089,jute,train
CR2090,jute,train
CR2091,jute,validation
CR2092,jute,train
CR2093,jute,train
CR2094,jute,train
CR2095,jute,validation
CR2096,jute,train
CR2097,jute,train
CR2098,jute,train
CR2099,jute,test
CR2100,jute,train
CR2101,coffee,train
CR2102,coffee,validation
CR2103,coffee,train
CR2104,coffee,train
CR2105,coffee,train
CR2106,coffee,train
CR2107,coffee,test
CR2108,coffee,test
CR2109,coffee,train
CR2110,coffee,test
CR2111,coffee,train
CR2112,coffee,validation
CR2113,coffee,validation
CR2114,coffee,train
CR2115,coffee,train
CR2116,coffee,train
CR2117,coffee,test
CR2118,coffee,train
CR2119,coffee,train
CR2120,coffee,validation
CR2121,coffee,validation
CR2122,coffee,train
CR2123,coffee,validation
CR2124,coffee,validation
CR2125,coffee,train
CR2126,coffee,test
CR2127,coffee,train
CR2128,coffee,train
CR2129,coffee,validation
CR2130,coffee,validation
CR2131,coffee,train
CR2132,coffee,train
CR2133,coffee,train
CR2134,coffee,test
CR2135,coffee,test
CR2136,coffee,test
CR2137,coffee,test
CR2138,coffee,train
CR2139,coffee,train
CR2140,coffee,train
CR2141,coffee,train
CR2142,coffee,train
CR2143,coffee,train
CR2144,coffee,train
CR2145,coffee,train
CR2146,coffee,test
CR2147,coffee,train
CR2148,coffee,test
CR2149,coffee,validation
CR2150,coffee,train
CR2151,coffee,train
CR2152,coffee,train
CR2153,coffee,train
CR2154,coffee,train
CR2155,coffee,test
CR2156,coffee,train
CR2157,coffee,train
CR2158,coffee,validation
CR2159,coffee,train
CR2160,coffee,train
CR2161,coffee,train
CR2162,coffee,validation
CR2163,coffee,train
CR2164,coffee,validation
CR2165,coffee,train
CR2166,coffee,train
CR2167,coffee,train
CR2168,coffee,validation
CR2169,coffee,train
CR2170,coffee,train
CR2171,coffee,train
CR2172,coffee,test
CR2173,coffee,test
CR2174,coffee,validation
CR2175,coffee,validation
CR2176,coffee,test
CR2177,coffee,train
CR2178,coffee,validation
CR2179,coffee,test
CR2180,coffee,train
CR2181,coffee,validation
CR2182,coffee,train
CR2183,coffee,test
CR2184,coffee,train
CR2185,coffee,train
CR2186,coffee,train
CR2187,coffee,test
CR2188,coffee,train
CR2189,coffee,train
CR2190,coffee,test
CR2191,coffee,train
CR2192,coffee,train
CR2193,coffee,train
CR2194,coffee,validation
CR2195,coffee,test
CR2196,coffee,train
CR2197,coffee,train
CR2198,coffee,train
CR2199,coffee,train
CR2200,coffee,validation
